timeStamp,elapsed,label,responseCode,responseMessage,threadName,dataType,success,failureMessage,bytes,sentBytes,grpThreads,allThreads,URL,Latency,IdleTime,Connect
1736279138758,208,get_characters,200,OK,Thread Group 1-34,text,true,,138927,159,64,64,http://localhost:3001/characters,146,0,59
1736279138752,219,get_characters,200,OK,Thread Group 1-28,text,true,,138927,159,64,64,http://localhost:3001/characters,152,0,59
1736279138756,217,get_characters,200,OK,Thread Group 1-26,text,true,,138927,159,64,64,http://localhost:3001/characters,143,0,53
1736279138793,179,get_characters,200,OK,Thread Group 1-47,text,true,,138927,159,64,64,http://localhost:3001/characters,109,0,18
1736279138749,208,get_characters,200,OK,Thread Group 1-32,text,true,,138927,159,64,64,http://localhost:3001/characters,199,0,71
1736279138749,224,get_characters,200,OK,Thread Group 1-6,text,true,,138927,159,64,64,http://localhost:3001/characters,224,0,78
1736279138751,228,get_characters,200,OK,Thread Group 1-13,text,true,,138927,159,65,65,http://localhost:3001/characters,143,0,61
1736279138758,223,get_characters,200,OK,Thread Group 1-23,text,true,,138927,159,65,65,http://localhost:3001/characters,223,0,69
1736279138751,231,get_characters,200,OK,Thread Group 1-33,text,true,,138927,159,65,65,http://localhost:3001/characters,140,0,62
1736279138749,234,get_characters,200,OK,Thread Group 1-31,text,true,,138927,159,65,65,http://localhost:3001/characters,231,0,83
1736279138774,194,get_characters,200,OK,Thread Group 1-45,text,true,,138927,159,64,64,http://localhost:3001/characters,130,0,44
1736279138758,227,get_characters,200,OK,Thread Group 1-1,text,true,,138927,159,66,66,http://localhost:3001/characters,139,0,55
1736279138749,238,get_characters,200,OK,Thread Group 1-17,text,true,,138927,159,66,66,http://localhost:3001/characters,238,0,86
1736279138749,239,get_characters,200,OK,Thread Group 1-41,text,true,,138927,159,66,66,http://localhost:3001/characters,239,0,78
1736279138758,212,get_characters,200,OK,Thread Group 1-22,text,true,,138927,159,64,64,http://localhost:3001/characters,187,0,62
1736279138758,207,get_characters,200,OK,Thread Group 1-4,text,true,,138927,159,66,66,http://localhost:3001/characters,207,0,67
1736279138758,207,get_characters,200,OK,Thread Group 1-19,text,true,,138927,159,66,66,http://localhost:3001/characters,187,0,62
1736279138758,207,get_characters,200,OK,Thread Group 1-27,text,true,,138927,159,66,66,http://localhost:3001/characters,159,0,52
1736279138748,213,get_characters,200,OK,Thread Group 1-21,text,true,,138927,159,66,66,http://localhost:3001/characters,161,0,63
1736279138758,203,get_characters,200,OK,Thread Group 1-25,text,true,,138927,159,66,66,http://localhost:3001/characters,151,0,58
1736279138749,212,get_characters,200,OK,Thread Group 1-9,text,true,,138927,159,66,66,http://localhost:3001/characters,158,0,67
1736279138825,135,get_characters,200,OK,Thread Group 1-49,text,true,,138927,159,66,66,http://localhost:3001/characters,135,0,0
1736279138828,163,get_characters,200,OK,Thread Group 1-50,text,true,,138927,159,66,66,http://localhost:3001/characters,163,0,9
1736279138752,241,get_characters,200,OK,Thread Group 1-30,text,true,,138927,159,66,66,http://localhost:3001/characters,157,0,55
1736279138756,240,get_characters,200,OK,Thread Group 1-42,text,true,,138927,159,66,66,http://localhost:3001/characters,183,0,64
1736279138758,241,get_characters,200,OK,Thread Group 1-37,text,true,,138927,159,66,66,http://localhost:3001/characters,179,0,61
1736279138749,251,get_characters,200,OK,Thread Group 1-35,text,true,,138927,159,66,66,http://localhost:3001/characters,247,0,88
1736279138749,251,get_characters,200,OK,Thread Group 1-8,text,true,,138927,159,66,66,http://localhost:3001/characters,251,0,88
1736279138747,254,get_characters,200,OK,Thread Group 1-40,text,true,,138927,159,66,66,http://localhost:3001/characters,164,0,69
1736279138758,244,get_characters,200,OK,Thread Group 1-39,text,true,,138927,159,66,66,http://localhost:3001/characters,156,0,52
1736279138756,248,get_characters,200,OK,Thread Group 1-29,text,true,,138927,159,67,67,http://localhost:3001/characters,167,0,54
1736279138749,255,get_characters,200,OK,Thread Group 1-36,text,true,,138927,159,67,67,http://localhost:3001/characters,255,0,88
1736279138749,256,get_characters,200,OK,Thread Group 1-10,text,true,,138927,159,67,67,http://localhost:3001/characters,143,0,67
1736279138758,246,get_characters,200,OK,Thread Group 1-14,text,true,,138927,159,67,67,http://localhost:3001/characters,167,0,59
1736279138784,217,get_characters,200,OK,Thread Group 1-46,text,true,,138927,159,66,66,http://localhost:3001/characters,127,0,33
1736279138758,243,get_characters,200,OK,Thread Group 1-15,text,true,,138927,159,66,66,http://localhost:3001/characters,153,0,54
1736279138754,246,get_characters,200,OK,Thread Group 1-43,text,true,,138927,159,67,67,http://localhost:3001/characters,157,0,63
1736279138749,265,get_characters,200,OK,Thread Group 1-11,text,true,,138927,159,67,67,http://localhost:3001/characters,265,0,88
1736279138749,271,get_characters,200,OK,Thread Group 1-38,text,true,,138927,159,69,69,http://localhost:3001/characters,271,0,90
1736279138749,210,get_characters,200,OK,Thread Group 1-16,text,true,,138927,159,70,70,http://localhost:3001/characters,210,0,74
1736279138749,331,get_characters,200,OK,Thread Group 1-2,text,true,,138927,159,70,70,http://localhost:3001/characters,275,0,89
1736279138847,235,get_characters,200,OK,Thread Group 1-51,text,true,,138927,159,70,70,http://localhost:3001/characters,181,0,4
1736279138758,329,get_characters,200,OK,Thread Group 1-3,text,true,,138927,159,71,71,http://localhost:3001/characters,329,0,104
1736279138758,331,get_characters,200,OK,Thread Group 1-24,text,true,,138927,159,71,71,http://localhost:3001/characters,331,0,104
1736279138849,243,get_characters,200,OK,Thread Group 1-52,text,true,,138927,159,72,72,http://localhost:3001/characters,241,0,13
1736279138859,234,get_characters,200,OK,Thread Group 1-53,text,true,,138927,159,72,72,http://localhost:3001/characters,234,0,14
1736279138756,342,get_characters,200,OK,Thread Group 1-20,text,true,,138927,159,73,73,http://localhost:3001/characters,342,0,106
1736279139082,18,get_character/id,200,OK,Thread Group 1-51,text,true,,265,161,74,74,http://localhost:3001/character/57,18,0,0
1736279138865,237,get_characters,200,OK,Thread Group 1-54,text,true,,138927,159,74,74,http://localhost:3001/characters,237,0,11
1736279138758,347,get_characters,200,OK,Thread Group 1-7,text,true,,138927,159,75,75,http://localhost:3001/characters,346,0,103
1736279138749,358,get_characters,200,OK,Thread Group 1-5,text,true,,138927,159,75,75,http://localhost:3001/characters,358,0,108
1736279139084,25,get_character/id,200,OK,Thread Group 1-2,text,true,,265,161,75,75,http://localhost:3001/character/81,25,0,0
1736279139089,23,get_character/id,200,OK,Thread Group 1-24,text,true,,265,160,76,76,http://localhost:3001/character/8,23,0,0
1736279139092,21,get_character/id,200,OK,Thread Group 1-52,text,true,,265,161,76,76,http://localhost:3001/character/25,21,0,0
1736279138762,352,get_characters,200,OK,Thread Group 1-44,text,true,,138927,159,76,76,http://localhost:3001/characters,352,0,94
1736279138804,314,get_characters,200,OK,Thread Group 1-48,text,true,,138927,159,76,76,http://localhost:3001/characters,314,0,47
1736279139031,88,get_character/id,200,OK,Thread Group 1-43,text,true,,265,161,76,76,http://localhost:3001/character/64,88,0,0
1736279138749,374,get_characters,200,OK,Thread Group 1-12,text,true,,138927,159,77,77,http://localhost:3001/characters,374,0,102
1736279139087,37,get_character/id,200,OK,Thread Group 1-3,text,true,,265,161,77,77,http://localhost:3001/character/43,37,0,0
1736279138936,190,get_characters,200,OK,Thread Group 1-60,text,true,,138927,159,78,78,http://localhost:3001/characters,190,0,1
1736279139029,100,get_character/id,200,OK,Thread Group 1-34,text,true,,265,161,78,78,http://localhost:3001/character/47,100,0,0
1736279138882,247,get_characters,200,OK,Thread Group 1-56,text,true,,138927,159,78,78,http://localhost:3001/characters,247,0,9
1736279138895,245,get_characters,200,OK,Thread Group 1-57,text,true,,138927,159,79,79,http://localhost:3001/characters,245,0,18
1736279138946,197,get_characters,200,OK,Thread Group 1-62,text,true,,138927,159,79,79,http://localhost:3001/characters,184,0,15
1736279138915,232,get_characters,200,OK,Thread Group 1-59,text,true,,138927,159,81,81,http://localhost:3001/characters,232,0,12
1736279139098,51,get_character/id,200,OK,Thread Group 1-20,text,true,,265,161,81,81,http://localhost:3001/character/29,51,0,0
1736279139026,126,get_character/id,200,OK,Thread Group 1-16,text,true,,265,161,81,81,http://localhost:3001/character/34,126,0,0
1736279138960,192,get_characters,200,OK,Thread Group 1-63,text,true,,138927,159,81,81,http://localhost:3001/characters,192,0,14
1736279139096,38,get_character/id,200,OK,Thread Group 1-53,text,true,,265,162,79,79,http://localhost:3001/character/100,38,0,0
1736279139139,15,get_character/id,200,OK,Thread Group 1-54,text,true,,265,161,82,82,http://localhost:3001/character/67,15,0,0
1736279139118,39,get_character/id,200,OK,Thread Group 1-48,text,true,,265,161,82,82,http://localhost:3001/character/25,39,0,0
1736279139105,52,get_character/id,200,OK,Thread Group 1-7,text,true,,265,161,82,82,http://localhost:3001/character/88,52,0,0
1736279138749,409,get_characters,200,OK,Thread Group 1-18,text,true,,138927,159,82,82,http://localhost:3001/characters,409,0,102
1736279139107,55,get_character/id,200,OK,Thread Group 1-5,text,true,,265,161,83,83,http://localhost:3001/character/40,55,0,0
1736279138877,260,get_characters,200,OK,Thread Group 1-55,text,true,,138927,159,79,79,http://localhost:3001/characters,260,0,0
1736279138979,187,get_characters,200,OK,Thread Group 1-65,text,true,,138927,159,84,84,http://localhost:3001/characters,187,0,17
1736279139114,54,get_character/id,200,OK,Thread Group 1-44,text,true,,265,161,84,84,http://localhost:3001/character/62,54,0,0
1736279138974,196,get_characters,200,OK,Thread Group 1-64,text,true,,138927,159,84,84,http://localhost:3001/characters,196,0,8
1736279139123,50,get_character/id,200,OK,Thread Group 1-12,text,true,,265,161,84,84,http://localhost:3001/character/49,50,0,0
1736279139143,32,get_character/id,200,OK,Thread Group 1-62,text,true,,265,161,84,84,http://localhost:3001/character/25,32,0,0
1736279139127,48,get_character/id,200,OK,Thread Group 1-60,text,true,,265,161,84,84,http://localhost:3001/character/34,48,0,0
1736279139008,165,get_characters,200,OK,Thread Group 1-68,text,true,,138927,159,84,84,http://localhost:3001/characters,165,0,19
1736279139139,39,get_character/id,200,OK,Thread Group 1-56,text,true,,265,161,84,84,http://localhost:3001/character/57,39,0,0
1736279139164,7,get_character/id,200,OK,Thread Group 1-55,text,true,,265,160,84,84,http://localhost:3001/character/2,7,0,0
1736279139029,151,get_character/id,200,OK,Thread Group 1-10,text,true,,265,161,84,84,http://localhost:3001/character/96,151,0,0
1736279139140,41,get_character/id,200,OK,Thread Group 1-57,text,true,,265,161,84,84,http://localhost:3001/character/35,41,0,0
1736279138993,189,get_characters,200,OK,Thread Group 1-66,text,true,,138927,159,84,84,http://localhost:3001/characters,189,0,0
1736279138933,203,get_characters,200,OK,Thread Group 1-61,text,true,,138927,159,79,79,http://localhost:3001/characters,203,0,15
1736279139148,36,get_character/id,200,OK,Thread Group 1-59,text,true,,265,161,84,84,http://localhost:3001/character/48,36,0,0
1736279139165,20,get_character/id,200,OK,Thread Group 1-36,text,true,,265,160,84,84,http://localhost:3001/character/4,20,0,0
1736279139183,5,get_character/id,200,OK,Thread Group 1-39,text,true,,265,161,84,84,http://localhost:3001/character/74,5,0,0
1736279139031,159,get_characters,200,OK,Thread Group 1-70,text,true,,138927,159,84,84,http://localhost:3001/characters,159,0,0
1736279139161,30,get_character/id,200,OK,Thread Group 1-63,text,true,,265,160,84,84,http://localhost:3001/character/9,30,0,0
1736279139183,9,get_character/id,200,OK,Thread Group 1-61,text,true,,265,160,84,84,http://localhost:3001/character/6,9,0,0
1736279139187,8,get_character/id,200,OK,Thread Group 1-40,text,true,,264,161,84,84,http://localhost:3001/character/63,8,0,0
1736279139158,37,get_character/id,200,OK,Thread Group 1-18,text,true,,265,161,84,84,http://localhost:3001/character/48,37,0,0
1736279139178,20,get_character/id,200,OK,Thread Group 1-29,text,true,,265,160,84,84,http://localhost:3001/character/5,20,0,0
1736279139027,170,get_characters,200,OK,Thread Group 1-67,text,true,,138927,159,84,84,http://localhost:3001/characters,169,0,115
1736279139170,31,get_character/id,200,OK,Thread Group 1-64,text,true,,265,161,84,84,http://localhost:3001/character/93,31,0,0
1736279138907,228,get_characters,200,OK,Thread Group 1-58,text,true,,138927,159,79,79,http://localhost:3001/characters,228,0,17
1736279139176,27,get_character/id,200,OK,Thread Group 1-68,text,true,,265,160,84,84,http://localhost:3001/character/2,27,0,0
1736279139202,2,get_character/id,200,OK,Thread Group 1-58,text,true,,265,161,84,84,http://localhost:3001/character/61,2,0,0
1736279139203,3,get_character/id,200,OK,Thread Group 1-8,text,true,,265,160,85,85,http://localhost:3001/character/8,3,0,0
1736279139167,39,get_character/id,200,OK,Thread Group 1-65,text,true,,265,161,85,85,http://localhost:3001/character/12,39,0,0
1736279139199,8,get_character/id,200,OK,Thread Group 1-14,text,true,,265,160,85,85,http://localhost:3001/character/2,8,0,0
1736279139207,8,get_character/id,200,OK,Thread Group 1-35,text,true,,265,161,86,86,http://localhost:3001/character/69,8,0,0
1736279139210,7,get_character/id,200,OK,Thread Group 1-37,text,true,,265,161,87,87,http://localhost:3001/character/39,7,0,0
1736279139217,1,get_character/id,200,OK,Thread Group 1-67,text,true,,265,161,87,87,http://localhost:3001/character/33,1,0,0
1736279139193,27,get_characters,200,OK,Thread Group 1-69,text,true,,138927,159,87,87,http://localhost:3001/characters,27,0,0
1736279139193,28,get_character/id,200,OK,Thread Group 1-66,text,true,,265,161,87,87,http://localhost:3001/character/59,28,0,0
1736279139219,3,get_character/id,200,OK,Thread Group 1-42,text,true,,265,161,87,87,http://localhost:3001/character/93,3,0,0
1736279139190,32,get_character/id,200,OK,Thread Group 1-70,text,true,,265,160,87,87,http://localhost:3001/character/9,32,0,0
1736279139223,3,get_character/id,200,OK,Thread Group 1-30,text,true,,265,161,87,87,http://localhost:3001/character/19,3,0,0
1736279139225,1,get_character/id,200,OK,Thread Group 1-38,text,true,,265,161,87,87,http://localhost:3001/character/46,1,0,0
1736279139208,22,get_characters,200,OK,Thread Group 1-84,text,true,,138927,159,88,88,http://localhost:3001/characters,22,0,1
1736279139220,18,get_character/id,200,OK,Thread Group 1-69,text,true,,265,161,89,89,http://localhost:3001/character/60,18,0,0
1736279139229,16,get_characters,200,OK,Thread Group 1-71,text,true,,138927,159,90,90,http://localhost:3001/characters,16,0,1
1736279139232,19,get_character/id,200,OK,Thread Group 1-46,text,true,,265,161,91,91,http://localhost:3001/character/93,19,0,0
1736279139240,18,get_character/id,200,OK,Thread Group 1-49,text,true,,265,161,91,91,http://localhost:3001/character/72,18,0,0
1736279139205,62,get_characters,200,OK,Thread Group 1-85,text,true,,138927,159,93,93,http://localhost:3001/characters,62,0,27
1736279139236,37,get_character/id,200,OK,Thread Group 1-84,text,true,,265,161,93,93,http://localhost:3001/character/27,37,0,0
1736279139243,34,get_character/id,200,OK,Thread Group 1-21,text,true,,265,161,94,94,http://localhost:3001/character/31,34,0,0
1736279139211,67,get_characters,200,OK,Thread Group 1-86,text,true,,138927,159,94,94,http://localhost:3001/characters,67,0,24
1736279139240,40,get_character/id,200,OK,Thread Group 1-9,text,true,,265,161,94,94,http://localhost:3001/character/93,40,0,0
1736279139233,50,get_character/id,200,OK,Thread Group 1-50,text,true,,265,161,94,94,http://localhost:3001/character/55,50,0,0
1736279139216,70,get_characters,200,OK,Thread Group 1-87,text,true,,138927,159,94,94,http://localhost:3001/characters,70,0,19
1736279139242,48,get_character/id,200,OK,Thread Group 1-25,text,true,,265,161,95,95,http://localhost:3001/character/37,48,0,0
1736279139251,41,get_character/id,200,OK,Thread Group 1-27,text,true,,264,161,95,95,http://localhost:3001/character/63,41,0,0
1736279139253,44,get_character/id,200,OK,Thread Group 1-19,text,true,,265,161,95,95,http://localhost:3001/character/14,44,0,0
1736279139268,32,get_character/id,200,OK,Thread Group 1-4,text,true,,265,160,95,95,http://localhost:3001/character/7,32,0,0
1736279139271,29,get_character/id,200,OK,Thread Group 1-22,text,true,,265,160,95,95,http://localhost:3001/character/2,29,0,0
1736279139255,61,post_character,200,OK,Thread Group 1-69,text,true,,265,221,99,99,http://localhost:3001/character,61,0,0
1736279139254,77,get_characters,200,OK,Thread Group 1-92,text,true,,139204,159,100,100,http://localhost:3001/characters,77,0,16
1736279139199,115,post_character,200,OK,Thread Group 1-55,text,true,,265,221,97,97,http://localhost:3001/character,115,0,0
1736279139223,111,post_character,200,OK,Thread Group 1-70,text,true,,265,221,100,100,http://localhost:3001/character,111,0,0
1736279139251,85,post_character,200,OK,Thread Group 1-46,text,true,,265,221,100,100,http://localhost:3001/character,85,0,0
1736279139278,62,get_character/id,200,OK,Thread Group 1-86,text,true,,265,161,100,100,http://localhost:3001/character/39,62,0,0
1736279139286,56,get_character/id,200,OK,Thread Group 1-87,text,true,,265,161,100,100,http://localhost:3001/character/89,56,0,0
1736279139290,54,post_character,200,OK,Thread Group 1-25,text,true,,265,221,100,100,http://localhost:3001/character,54,0,0
1736279139293,52,post_character,200,OK,Thread Group 1-27,text,true,,265,221,100,100,http://localhost:3001/character,52,0,0
1736279139222,124,post_character,200,OK,Thread Group 1-42,text,true,,265,221,100,100,http://localhost:3001/character,124,0,0
1736279139245,68,get_character/id,200,OK,Thread Group 1-71,text,true,,265,161,97,97,http://localhost:3001/character/21,68,0,0
1736279139322,28,post_character,200,OK,Thread Group 1-4,text,true,,265,221,100,100,http://localhost:3001/character,28,0,0
1736279139306,45,post_character,200,OK,Thread Group 1-49,text,true,,265,221,100,100,http://localhost:3001/character,45,0,0
1736279139247,107,get_characters,200,OK,Thread Group 1-89,text,true,,139390,159,100,100,http://localhost:3001/characters,107,0,37
1736279139322,33,post_character,200,OK,Thread Group 1-22,text,true,,265,221,100,100,http://localhost:3001/character,33,0,0
1736279139267,44,get_character/id,200,OK,Thread Group 1-85,text,true,,265,161,96,96,http://localhost:3001/character/55,44,0,0
1736279139221,140,post_character,200,OK,Thread Group 1-66,text,true,,265,221,100,100,http://localhost:3001/character,138,0,0
1736279139318,43,post_character,200,OK,Thread Group 1-19,text,true,,265,221,100,100,http://localhost:3001/character,43,0,0
1736279139298,65,get_character/id,200,OK,Thread Group 1-41,text,true,,265,161,100,100,http://localhost:3001/character/15,65,0,0
1736279139340,28,post_character,200,OK,Thread Group 1-86,text,true,,265,221,100,100,http://localhost:3001/character,28,0,0
1736279139273,97,post_character,200,OK,Thread Group 1-84,text,true,,265,221,100,100,http://localhost:3001/character,97,0,0
1736279139323,48,put_character,200,OK,Thread Group 1-69,text,true,,265,221,100,100,http://localhost:3001/character/67,48,0,0
1736279139342,31,post_character,200,OK,Thread Group 1-87,text,true,,265,221,100,100,http://localhost:3001/character,31,0,0
1736279139333,41,put_character,200,OK,Thread Group 1-55,text,true,,265,221,100,100,http://localhost:3001/character/69,41,0,0
1736279139344,31,put_character,200,OK,Thread Group 1-25,text,true,,265,221,100,100,http://localhost:3001/character/68,31,0,0
1736279139335,41,put_character,200,OK,Thread Group 1-70,text,true,,265,221,100,100,http://localhost:3001/character/91,41,0,0
1736279139263,114,get_characters,200,OK,Thread Group 1-82,text,true,,139173,159,100,100,http://localhost:3001/characters,114,0,7
1736279139345,34,put_character,200,OK,Thread Group 1-27,text,true,,265,220,100,100,http://localhost:3001/character/9,34,0,0
1736279139350,32,put_character,200,OK,Thread Group 1-4,text,true,,265,221,100,100,http://localhost:3001/character/79,32,0,0
1736279139227,80,get_characters,200,OK,Thread Group 1-88,text,true,,138989,159,96,96,http://localhost:3001/characters,80,0,29
1736279139336,49,put_character,200,OK,Thread Group 1-46,text,true,,265,221,100,100,http://localhost:3001/character/34,49,0,0
1736279139218,169,post_character,200,OK,Thread Group 1-67,text,true,,265,221,100,100,http://localhost:3001/character,169,0,0
1736279139283,106,post_character,200,OK,Thread Group 1-50,text,true,,265,221,100,100,http://localhost:3001/character,106,0,0
1736279139331,59,get_character/id,200,OK,Thread Group 1-92,text,true,,265,161,100,100,http://localhost:3001/character/87,59,0,0
1736279139354,39,get_character/id,200,OK,Thread Group 1-89,text,true,,265,161,100,100,http://localhost:3001/character/22,39,0,0
1736279139229,78,post_character,200,OK,Thread Group 1-58,text,true,,265,221,96,96,http://localhost:3001/character,78,0,0
1736279139292,99,get_characters,200,OK,Thread Group 1-91,text,true,,139483,159,100,100,http://localhost:3001/characters,99,0,0
1736279139277,122,post_character,200,OK,Thread Group 1-21,text,true,,264,220,100,100,http://localhost:3001/character,122,0,0
1736279139281,122,get_character/id,200,OK,Thread Group 1-15,text,true,,265,161,100,100,http://localhost:3001/character/80,122,0,0
1736279139368,39,put_character,200,OK,Thread Group 1-86,text,true,,265,221,100,100,http://localhost:3001/character/99,39,0,0
1736279139272,33,get_character/id,200,OK,Thread Group 1-11,text,true,,265,161,96,96,http://localhost:3001/character/52,33,0,0
1736279139370,40,put_character,200,OK,Thread Group 1-84,text,true,,265,221,100,100,http://localhost:3001/character/71,40,0,0
1736279139359,52,post_character,200,OK,Thread Group 1-85,text,true,,265,221,100,100,http://localhost:3001/character,52,0,0
1736279139347,66,put_character,200,OK,Thread Group 1-42,text,true,,265,221,100,100,http://localhost:3001/character/27,66,0,0
1736279139363,51,put_character,200,OK,Thread Group 1-22,text,true,,265,221,100,100,http://localhost:3001/character/75,51,0,0
1736279139352,63,put_character,200,OK,Thread Group 1-49,text,true,,265,221,100,100,http://localhost:3001/character/34,63,0,0
1736279139387,30,put_character,200,OK,Thread Group 1-67,text,true,,265,221,100,100,http://localhost:3001/character/34,30,0,0
1736279139389,29,put_character,200,OK,Thread Group 1-50,text,true,,265,221,100,100,http://localhost:3001/character/76,29,0,0
1736279139295,131,get_characters,200,OK,Thread Group 1-93,text,true,,139638,159,100,100,http://localhost:3001/characters,131,0,0
1736279139364,64,post_character,200,OK,Thread Group 1-41,text,true,,265,221,100,100,http://localhost:3001/character,64,0,0
1736279139394,35,get_character/id,200,OK,Thread Group 1-17,text,true,,265,161,100,100,http://localhost:3001/character/22,35,0,0
1736279139393,38,post_character,200,OK,Thread Group 1-89,text,true,,265,221,100,100,http://localhost:3001/character,38,0,0
1736279139237,64,get_characters,200,OK,Thread Group 1-83,text,true,,138927,159,96,96,http://localhost:3001/characters,64,0,20
1736279139382,53,get_character/id,200,OK,Thread Group 1-88,text,true,,265,161,100,100,http://localhost:3001/character/27,53,0,0
1736279139380,57,put_character,200,OK,Thread Group 1-87,text,true,,265,221,100,100,http://localhost:3001/character/17,57,0,0
1736279139247,190,post_character,200,OK,Thread Group 1-38,text,true,,265,221,100,100,http://localhost:3001/character,190,0,0
1736279139390,48,post_character,200,OK,Thread Group 1-92,text,true,,265,221,100,100,http://localhost:3001/character,48,0,0
1736279139296,146,get_characters,200,OK,Thread Group 1-81,text,true,,139700,159,100,100,http://localhost:3001/characters,146,0,9
1736279139249,195,get_characters,200,OK,Thread Group 1-90,text,true,,139793,159,100,100,http://localhost:3001/characters,195,0,53
1736279139433,13,get_character/id,200,OK,Thread Group 1-83,text,true,,265,161,100,100,http://localhost:3001/character/65,13,0,0
1736279139404,44,get_character/id,200,OK,Thread Group 1-45,text,true,,265,161,100,100,http://localhost:3001/character/90,43,0,0
1736279139247,202,post_character,200,OK,Thread Group 1-30,text,true,,265,221,100,100,http://localhost:3001/character,202,0,0
1736279139403,49,post_character,200,OK,Thread Group 1-15,text,true,,265,221,100,100,http://localhost:3001/character,49,0,0
1736279139363,34,put_character,200,OK,Thread Group 1-19,text,true,,265,221,100,100,http://localhost:3001/character/75,34,0,0
1736279139400,55,put_character,200,OK,Thread Group 1-21,text,true,,265,221,100,100,http://localhost:3001/character/79,55,0,0
1736279139397,59,put_character,200,OK,Thread Group 1-58,text,true,,265,221,100,100,http://localhost:3001/character/55,59,0,0
1736279139401,56,get_character/id,200,OK,Thread Group 1-1,text,true,,265,161,100,100,http://localhost:3001/character/39,56,0,0
1736279139408,53,post_character,200,OK,Thread Group 1-11,text,true,,265,221,100,100,http://localhost:3001/character,53,0,0
1736279139398,64,get_character/id,200,OK,Thread Group 1-91,text,true,,265,161,100,100,http://localhost:3001/character/64,64,0,0
1736279139416,48,get_character/id,200,OK,Thread Group 1-31,text,true,,265,161,100,100,http://localhost:3001/character/88,48,0,0
1736279139435,32,get_character/id,200,OK,Thread Group 1-33,text,true,,265,161,100,100,http://localhost:3001/character/12,32,0,0
1736279139233,236,post_character,200,OK,Thread Group 1-35,text,true,,265,221,100,100,http://localhost:3001/character,235,0,0
1736279139378,92,get_character/id,200,OK,Thread Group 1-82,text,true,,265,161,100,100,http://localhost:3001/character/11,92,0,0
1736279139411,63,put_character,200,OK,Thread Group 1-85,text,true,,265,221,100,100,http://localhost:3001/character/55,63,0,0
1736279139316,160,get_characters,200,OK,Thread Group 1-94,text,true,,139855,159,100,100,http://localhost:3001/characters,160,0,7
1736279139280,117,post_character,200,OK,Thread Group 1-9,text,true,,264,220,100,100,http://localhost:3001/character,117,0,0
1736279139288,192,get_characters,200,OK,Thread Group 1-95,text,true,,139856,159,100,100,http://localhost:3001/characters,192,0,42
1736279139451,31,get_character/id,200,OK,Thread Group 1-23,text,true,,265,161,100,100,http://localhost:3001/character/43,31,0,0
1736279139428,56,put_character,200,OK,Thread Group 1-41,text,true,,265,221,100,100,http://localhost:3001/character/27,56,0,0
1736279139431,54,put_character,200,OK,Thread Group 1-89,text,true,,265,221,100,100,http://localhost:3001/character/92,54,0,0
1736279139461,25,get_character/id,200,OK,Thread Group 1-13,text,true,,265,161,100,100,http://localhost:3001/character/53,25,0,0
1736279139217,271,post_character,200,OK,Thread Group 1-37,text,true,,264,220,100,100,http://localhost:3001/character,271,0,0
1736279139446,44,get_character/id,200,OK,Thread Group 1-93,text,true,,265,161,100,100,http://localhost:3001/character/62,44,0,0
1736279139435,58,post_character,200,OK,Thread Group 1-88,text,true,,265,221,100,100,http://localhost:3001/character,58,0,0
1736279139452,41,put_character,200,OK,Thread Group 1-15,text,true,,265,220,100,100,http://localhost:3001/character/7,41,0,0
1736279139430,68,post_character,200,OK,Thread Group 1-17,text,true,,265,221,100,100,http://localhost:3001/character,68,0,0
1736279139449,53,put_character,200,OK,Thread Group 1-30,text,true,,265,221,100,100,http://localhost:3001/character/63,53,0,0
1736279139361,35,put_character,200,OK,Thread Group 1-66,text,true,,265,221,100,100,http://localhost:3001/character/90,35,0,0
1736279139439,66,put_character,200,OK,Thread Group 1-92,text,true,,265,221,100,100,http://localhost:3001/character/86,66,0,0
1736279139442,65,put_character,200,OK,Thread Group 1-38,text,true,,265,221,100,100,http://localhost:3001/character/42,65,0,0
1736279139309,199,get_characters,200,OK,Thread Group 1-96,text,true,,139824,159,100,100,http://localhost:3001/characters,199,0,0
1736279139372,138,delete_character,200,OK,Thread Group 1-69,text,true,,249,183,100,100,http://localhost:3001/character/80,138,0,0
1736279139448,65,post_character,200,OK,Thread Group 1-45,text,true,,265,221,100,100,http://localhost:3001/character,65,0,0
1736279139463,51,post_character,200,OK,Thread Group 1-91,text,true,,265,221,100,100,http://localhost:3001/character,51,0,0
1736279139503,14,get_character/id,200,OK,Thread Group 1-6,text,true,,265,161,100,100,http://localhost:3001/character/26,14,0,0
1736279139443,78,get_character/id,200,OK,Thread Group 1-81,text,true,,265,160,100,100,http://localhost:3001/character/3,78,0,0
1736279139384,141,get_characters,200,OK,Thread Group 1-80,text,true,,140009,159,100,100,http://localhost:3001/characters,139,0,8
1736279139471,55,post_character,200,OK,Thread Group 1-82,text,true,,265,221,100,100,http://localhost:3001/character,55,0,0
1736279139458,70,post_character,200,OK,Thread Group 1-1,text,true,,264,220,100,100,http://localhost:3001/character,70,0,0
1736279139466,63,get_character/id,200,OK,Thread Group 1-90,text,true,,265,161,100,100,http://localhost:3001/character/43,63,0,0
1736279139478,53,put_character,200,OK,Thread Group 1-9,text,true,,265,221,100,100,http://localhost:3001/character/13,53,0,0
1736279139357,175,get_characters,200,OK,Thread Group 1-79,text,true,,140010,159,100,100,http://localhost:3001/characters,175,0,0
1736279139475,59,delete_character,200,OK,Thread Group 1-85,text,true,,249,183,100,100,http://localhost:3001/character/21,59,0,0
1736279139466,69,put_character,200,OK,Thread Group 1-11,text,true,,265,220,100,100,http://localhost:3001/character/8,69,0,0
1736279139464,73,post_character,200,OK,Thread Group 1-31,text,true,,265,221,100,100,http://localhost:3001/character,73,0,0
1736279139348,47,post_character,200,OK,Thread Group 1-71,text,true,,265,221,100,100,http://localhost:3001/character,47,0,0
1736279139469,71,put_character,200,OK,Thread Group 1-35,text,true,,265,221,100,100,http://localhost:3001/character/76,71,0,0
1736279139446,97,post_character,200,OK,Thread Group 1-83,text,true,,265,221,100,100,http://localhost:3001/character,97,0,0
1736279139489,56,delete_character,200,OK,Thread Group 1-89,text,true,,249,183,100,100,http://localhost:3001/character/99,56,0,0
1736279139485,62,delete_character,200,OK,Thread Group 1-41,text,true,,249,183,100,100,http://localhost:3001/character/69,62,0,0
1736279139440,108,get_characters,200,OK,Thread Group 1-73,text,true,,140009,159,100,100,http://localhost:3001/characters,108,0,14
1736279139482,68,post_character,200,OK,Thread Group 1-23,text,true,,265,221,100,100,http://localhost:3001/character,68,0,0
1736279139207,345,post_character,200,OK,Thread Group 1-14,text,true,,265,221,100,100,http://localhost:3001/character,345,0,0
1736279139467,87,post_character,200,OK,Thread Group 1-33,text,true,,265,221,99,99,http://localhost:3001/character,87,0,0
1736279139555,25,delete_character,200,OK,Thread Group 1-35,text,true,,249,183,99,99,http://localhost:3001/character/38,25,0,0
1736279139405,177,get_characters,200,OK,Thread Group 1-72,text,true,,140040,159,99,99,http://localhost:3001/characters,146,0,0
1736279139525,58,get_character/id,200,OK,Thread Group 1-80,text,true,,265,161,99,99,http://localhost:3001/character/25,58,0,0
1736279139523,61,get_characters,200,OK,Thread Group 1-77,text,true,,140040,159,98,98,http://localhost:3001/characters,58,0,0
1736279139550,39,put_character,200,OK,Thread Group 1-23,text,true,,265,221,98,98,http://localhost:3001/character/77,39,0,0
1736279139507,84,delete_character,200,OK,Thread Group 1-38,text,true,,249,183,98,98,http://localhost:3001/character/64,84,0,0
1736279139554,39,put_character,200,OK,Thread Group 1-33,text,true,,265,221,97,97,http://localhost:3001/character/34,39,0,0
1736279139536,58,put_character,200,OK,Thread Group 1-1,text,true,,265,221,97,97,http://localhost:3001/character/48,58,0,0
1736279139517,79,post_character,200,OK,Thread Group 1-6,text,true,,265,221,97,97,http://localhost:3001/character,79,0,0
1736279139590,8,delete_character,200,OK,Thread Group 1-23,text,true,,249,183,96,96,http://localhost:3001/character/72,8,0,0
1736279139477,122,get_character/id,200,OK,Thread Group 1-94,text,true,,265,161,96,96,http://localhost:3001/character/27,122,0,0
1736279139549,52,get_character/id,200,OK,Thread Group 1-73,text,true,,265,161,96,96,http://localhost:3001/character/10,52,0,0
1736279139543,60,put_character,200,OK,Thread Group 1-83,text,true,,265,221,95,95,http://localhost:3001/character/45,60,0,0
1736279139597,8,delete_character,200,OK,Thread Group 1-1,text,true,,249,183,95,95,http://localhost:3001/character/26,8,0,0
1736279139596,10,put_character,200,OK,Thread Group 1-6,text,true,,265,221,95,95,http://localhost:3001/character/19,10,0,0
1736279139593,15,delete_character,200,OK,Thread Group 1-33,text,true,,249,183,95,95,http://localhost:3001/character/25,15,0,0
1736279139541,68,get_character/id,200,OK,Thread Group 1-32,text,true,,265,161,95,95,http://localhost:3001/character/83,68,0,0
1736279139601,10,post_character,200,OK,Thread Group 1-73,text,true,,265,221,95,95,http://localhost:3001/character,10,0,0
1736279139599,14,post_character,200,OK,Thread Group 1-94,text,true,,265,221,93,93,http://localhost:3001/character,14,0,0
1736279139546,69,get_character/id,200,OK,Thread Group 1-79,text,true,,265,161,93,93,http://localhost:3001/character/46,69,0,0
1736279139603,13,delete_character,200,OK,Thread Group 1-83,text,true,,249,183,93,93,http://localhost:3001/character/19,13,0,0
1736279139514,105,put_character,200,OK,Thread Group 1-91,text,true,,265,221,92,92,http://localhost:3001/character/16,105,0,0
1736279139606,15,delete_character,200,OK,Thread Group 1-6,text,true,,249,183,92,92,http://localhost:3001/character/64,15,0,0
1736279139521,101,post_character,200,OK,Thread Group 1-81,text,true,,265,221,92,92,http://localhost:3001/character,101,0,0
1736279139609,15,post_character,200,OK,Thread Group 1-32,text,true,,265,221,92,92,http://localhost:3001/character,15,0,0
1736279139611,16,put_character,200,OK,Thread Group 1-73,text,true,,265,221,91,91,http://localhost:3001/character/86,16,0,0
1736279139538,91,put_character,200,OK,Thread Group 1-31,text,true,,265,221,91,91,http://localhost:3001/character/82,91,0,0
1736279139615,17,post_character,200,OK,Thread Group 1-79,text,true,,264,220,91,91,http://localhost:3001/character,17,0,0
1736279139613,20,put_character,200,OK,Thread Group 1-94,text,true,,265,221,91,91,http://localhost:3001/character/34,20,0,0
1736279139539,95,put_character,200,OK,Thread Group 1-71,text,true,,265,221,91,91,http://localhost:3001/character/14,95,0,0
1736279139624,12,delete_character,200,OK,Thread Group 1-91,text,true,,249,183,91,91,http://localhost:3001/character/14,12,0,0
1736279139531,107,delete_character,200,OK,Thread Group 1-9,text,true,,249,182,91,91,http://localhost:3001/character/6,107,0,0
1736279139622,18,put_character,200,OK,Thread Group 1-81,text,true,,265,221,91,91,http://localhost:3001/character/45,18,0,0
1736279139535,107,delete_character,200,OK,Thread Group 1-11,text,true,,249,183,91,91,http://localhost:3001/character/87,107,0,0
1736279139627,15,delete_character,200,OK,Thread Group 1-73,text,true,,249,183,90,90,http://localhost:3001/character/14,15,0,0
1736279139529,115,post_character,200,OK,Thread Group 1-90,text,true,,265,221,90,90,http://localhost:3001/character,115,0,0
1736279139629,17,delete_character,200,OK,Thread Group 1-31,text,true,,249,183,90,90,http://localhost:3001/character/22,17,0,0
1736279139518,129,delete_character,200,OK,Thread Group 1-92,text,true,,249,183,88,88,http://localhost:3001/character/74,129,0,0
1736279139629,20,put_character,200,OK,Thread Group 1-32,text,true,,265,221,88,88,http://localhost:3001/character/49,20,0,0
1736279139486,165,post_character,200,OK,Thread Group 1-13,text,true,,265,221,88,88,http://localhost:3001/character,165,0,0
1736279139632,21,put_character,200,OK,Thread Group 1-79,text,true,,265,221,85,85,http://localhost:3001/character/39,21,0,0
1736279139634,20,delete_character,200,OK,Thread Group 1-71,text,true,,249,183,85,85,http://localhost:3001/character/16,20,0,0
1736279139638,18,delete_character,200,OK,Thread Group 1-94,text,true,,249,183,84,84,http://localhost:3001/character/86,18,0,0
1736279139495,161,get_characters,200,OK,Thread Group 1-74,text,true,,140040,159,84,84,http://localhost:3001/characters,161,0,26
1736279139526,133,put_character,200,OK,Thread Group 1-82,text,true,,265,221,83,83,http://localhost:3001/character/41,133,0,0
1736279139508,152,get_character/id,200,OK,Thread Group 1-96,text,true,,265,161,83,83,http://localhost:3001/character/85,152,0,0
1736279139644,18,put_character,200,OK,Thread Group 1-90,text,true,,265,221,83,83,http://localhost:3001/character/57,18,0,0
1736279139651,12,put_character,200,OK,Thread Group 1-13,text,true,,265,221,83,83,http://localhost:3001/character/19,12,0,0
1736279139640,24,delete_character,200,OK,Thread Group 1-81,text,true,,249,183,83,83,http://localhost:3001/character/56,24,0,0
1736279139498,169,put_character,200,OK,Thread Group 1-17,text,true,,265,221,81,81,http://localhost:3001/character/32,169,0,0
1736279139657,12,get_character/id,200,OK,Thread Group 1-74,text,true,,265,161,81,81,http://localhost:3001/character/17,12,0,0
1736279139513,159,put_character,200,OK,Thread Group 1-45,text,true,,265,221,81,81,http://localhost:3001/character/84,159,0,0
1736279139659,16,delete_character,200,OK,Thread Group 1-82,text,true,,249,183,81,81,http://localhost:3001/character/32,16,0,0
1736279139504,171,delete_character,200,OK,Thread Group 1-66,text,true,,249,182,80,80,http://localhost:3001/character/5,171,0,0
1736279139494,183,delete_character,200,OK,Thread Group 1-15,text,true,,249,183,80,80,http://localhost:3001/character/13,183,0,0
1736279139662,19,delete_character,200,OK,Thread Group 1-90,text,true,,249,183,80,80,http://localhost:3001/character/32,19,0,0
1736279139649,33,delete_character,200,OK,Thread Group 1-32,text,true,,249,183,80,80,http://localhost:3001/character/16,33,0,0
1736279139653,31,delete_character,200,OK,Thread Group 1-79,text,true,,249,183,79,79,http://localhost:3001/character/58,31,0,0
1736279139488,197,put_character,200,OK,Thread Group 1-37,text,true,,265,221,78,78,http://localhost:3001/character/84,197,0,0
1736279139502,185,delete_character,200,OK,Thread Group 1-30,text,true,,249,183,78,78,http://localhost:3001/character/16,185,0,0
1736279139490,198,post_character,200,OK,Thread Group 1-93,text,true,,265,221,78,78,http://localhost:3001/character,198,0,0
1736279139481,212,get_character/id,200,OK,Thread Group 1-95,text,true,,265,161,78,78,http://localhost:3001/character/32,212,0,0
1736279139472,224,get_characters,200,OK,Thread Group 1-78,text,true,,139978,159,78,78,http://localhost:3001/characters,224,0,4
1736279139493,205,put_character,200,OK,Thread Group 1-88,text,true,,265,221,77,77,http://localhost:3001/character/34,205,0,0
1736279139660,42,post_character,200,OK,Thread Group 1-96,text,true,,265,221,76,76,http://localhost:3001/character,42,0,0
1736279139666,38,delete_character,200,OK,Thread Group 1-13,text,true,,249,183,76,76,http://localhost:3001/character/32,38,0,0
1736279139667,39,delete_character,200,OK,Thread Group 1-17,text,true,,249,183,76,76,http://localhost:3001/character/14,39,0,0
1736279139678,37,get_character/id,200,OK,Thread Group 1-47,text,true,,265,161,71,71,http://localhost:3001/character/34,37,0,0
1736279139680,36,get_character/id,200,OK,Thread Group 1-28,text,true,,265,161,71,71,http://localhost:3001/character/19,36,0,0
1736279139679,39,get_character/id,200,OK,Thread Group 1-26,text,true,,265,161,71,71,http://localhost:3001/character/75,39,0,0
1736279139207,512,post_character,200,OK,Thread Group 1-65,text,true,,265,221,71,71,http://localhost:3001/character,512,0,0
1736279139669,55,post_character,200,OK,Thread Group 1-74,text,true,,265,221,71,71,http://localhost:3001/character,55,0,0
1736279139673,53,delete_character,200,OK,Thread Group 1-45,text,true,,249,183,71,71,http://localhost:3001/character/26,53,0,0
1736279139698,30,delete_character,200,OK,Thread Group 1-88,text,true,,249,183,70,70,http://localhost:3001/character/66,30,0,0
1736279139552,177,put_character,200,OK,Thread Group 1-14,text,true,,265,221,70,70,http://localhost:3001/character/59,177,0,0
1736279139708,24,delete_character,200,OK,Thread Group 1-37,text,true,,249,183,70,70,http://localhost:3001/character/74,24,0,0
1736279139700,34,put_character,200,OK,Thread Group 1-93,text,true,,265,221,69,69,http://localhost:3001/character/49,34,0,0
1736279139715,21,post_character,200,OK,Thread Group 1-47,text,true,,265,221,69,69,http://localhost:3001/character,21,0,0
1736279139582,156,get_character/id,200,OK,Thread Group 1-72,text,true,,265,161,68,68,http://localhost:3001/character/38,156,0,0
1736279139718,22,post_character,200,OK,Thread Group 1-26,text,true,,265,221,68,68,http://localhost:3001/character,22,0,0
1736279139716,28,post_character,200,OK,Thread Group 1-28,text,true,,265,221,68,68,http://localhost:3001/character,28,0,0
1736279139585,160,get_character/id,200,OK,Thread Group 1-77,text,true,,265,161,68,68,http://localhost:3001/character/42,160,0,0
1736279139690,60,get_characters,200,OK,Thread Group 1-76,text,true,,139698,159,68,68,http://localhost:3001/characters,60,0,18
1736279139724,27,put_character,200,OK,Thread Group 1-74,text,true,,265,221,68,68,http://localhost:3001/character/68,27,0,0
1736279139584,170,post_character,200,OK,Thread Group 1-80,text,true,,265,221,68,68,http://localhost:3001/character,170,0,0
1736279139702,53,put_character,200,OK,Thread Group 1-96,text,true,,265,221,68,68,http://localhost:3001/character/99,53,0,0
1736279139696,61,get_character/id,200,OK,Thread Group 1-78,text,true,,265,161,68,68,http://localhost:3001/character/48,61,0,0
1736279139744,15,put_character,200,OK,Thread Group 1-28,text,true,,265,221,68,68,http://localhost:3001/character/42,15,0,0
1736279139693,67,post_character,200,OK,Thread Group 1-95,text,true,,264,220,68,68,http://localhost:3001/character,67,0,0
1736279139736,27,put_character,200,OK,Thread Group 1-47,text,true,,265,221,68,68,http://localhost:3001/character/30,27,0,0
1736279139206,559,post_character,200,OK,Thread Group 1-8,text,true,,264,220,68,68,http://localhost:3001/character,559,0,0
1736279139719,48,put_character,200,OK,Thread Group 1-65,text,true,,265,220,68,68,http://localhost:3001/character/4,48,0,0
1736279139763,6,delete_character,200,OK,Thread Group 1-47,text,true,,249,183,68,68,http://localhost:3001/character/66,6,0,0
1736279139203,567,post_character,200,OK,Thread Group 1-68,text,true,,265,221,68,68,http://localhost:3001/character,567,0,0
1736279139730,44,delete_character,200,OK,Thread Group 1-14,text,true,,249,183,68,68,http://localhost:3001/character/90,44,0,0
1736279139752,24,delete_character,200,OK,Thread Group 1-74,text,true,,249,183,67,67,http://localhost:3001/character/25,24,0,0
1736279139201,577,post_character,200,OK,Thread Group 1-64,text,true,,264,220,67,67,http://localhost:3001/character,577,0,0
1736279139746,33,post_character,200,OK,Thread Group 1-77,text,true,,264,220,67,67,http://localhost:3001/character,33,0,0
1736279139734,47,delete_character,200,OK,Thread Group 1-93,text,true,,249,183,67,67,http://localhost:3001/character/60,47,0,0
1736279139740,43,put_character,200,OK,Thread Group 1-26,text,true,,265,221,67,67,http://localhost:3001/character/30,42,0,0
1736279139198,587,post_character,200,OK,Thread Group 1-29,text,true,,265,221,67,67,http://localhost:3001/character,587,0,0
1736279139692,95,get_characters,200,OK,Thread Group 1-100,text,true,,139819,159,67,67,http://localhost:3001/characters,94,0,0
1736279139738,51,post_character,200,OK,Thread Group 1-72,text,true,,265,221,67,67,http://localhost:3001/character,51,0,0
1736279139761,29,put_character,200,OK,Thread Group 1-95,text,true,,265,221,67,67,http://localhost:3001/character/20,29,0,0
1736279139757,35,post_character,200,OK,Thread Group 1-78,text,true,,265,221,66,66,http://localhost:3001/character,35,0,0
1736279139759,35,delete_character,200,OK,Thread Group 1-28,text,true,,249,183,65,65,http://localhost:3001/character/91,35,0,0
1736279139770,25,put_character,200,OK,Thread Group 1-68,text,true,,265,221,65,65,http://localhost:3001/character/24,25,0,0
1736279139196,603,post_character,200,OK,Thread Group 1-18,text,true,,265,221,65,65,http://localhost:3001/character,603,0,0
1736279139754,48,put_character,200,OK,Thread Group 1-80,text,true,,265,221,64,64,http://localhost:3001/character/77,48,0,0
1736279139692,111,get_characters,200,OK,Thread Group 1-99,text,true,,139757,159,64,64,http://localhost:3001/characters,111,0,8
1736279139701,104,get_characters,200,OK,Thread Group 1-75,text,true,,139788,159,63,63,http://localhost:3001/characters,104,0,14
1736279139765,44,get_character/id,200,OK,Thread Group 1-76,text,true,,265,161,63,63,http://localhost:3001/character/30,44,0,0
1736279139765,45,put_character,200,OK,Thread Group 1-8,text,true,,265,221,63,63,http://localhost:3001/character/52,45,0,0
1736279139756,56,delete_character,200,OK,Thread Group 1-96,text,true,,249,183,63,63,http://localhost:3001/character/17,56,0,0
1736279139705,108,get_characters,200,OK,Thread Group 1-98,text,true,,139788,159,62,62,http://localhost:3001/characters,108,0,5
1736279139778,37,put_character,200,OK,Thread Group 1-64,text,true,,265,220,62,62,http://localhost:3001/character/8,37,0,0
1736279139785,32,put_character,200,OK,Thread Group 1-29,text,true,,265,221,62,62,http://localhost:3001/character/20,32,0,0
1736279139776,43,delete_character,200,OK,Thread Group 1-65,text,true,,249,182,62,62,http://localhost:3001/character/6,43,0,0
1736279139780,40,put_character,200,OK,Thread Group 1-77,text,true,,265,221,62,62,http://localhost:3001/character/24,40,0,0
1736279139783,38,delete_character,200,OK,Thread Group 1-26,text,true,,249,183,62,62,http://localhost:3001/character/95,38,0,0
1736279139195,627,post_character,200,OK,Thread Group 1-40,text,true,,265,221,62,62,http://localhost:3001/character,627,0,0
1736279139787,36,get_character/id,200,OK,Thread Group 1-100,text,true,,264,161,62,62,http://localhost:3001/character/94,36,0,0
1736279139713,112,get_characters,200,OK,Thread Group 1-97,text,true,,139726,159,62,62,http://localhost:3001/characters,112,0,7
1736279139790,37,delete_character,200,OK,Thread Group 1-95,text,true,,249,183,61,61,http://localhost:3001/character/84,37,0,0
1736279139792,36,put_character,200,OK,Thread Group 1-78,text,true,,265,221,60,60,http://localhost:3001/character/93,36,0,0
1736279139789,42,put_character,200,OK,Thread Group 1-72,text,true,,265,221,60,60,http://localhost:3001/character/38,42,0,0
1736279139805,27,get_character/id,200,OK,Thread Group 1-75,text,true,,265,161,60,60,http://localhost:3001/character/27,27,0,0
1736279139809,25,post_character,200,OK,Thread Group 1-76,text,true,,265,221,59,59,http://localhost:3001/character,25,0,0
1736279139796,39,delete_character,200,OK,Thread Group 1-68,text,true,,249,182,59,59,http://localhost:3001/character/1,39,0,0
1736279139802,34,delete_character,200,OK,Thread Group 1-80,text,true,,249,183,59,59,http://localhost:3001/character/10,34,0,0
1736279139803,34,get_character/id,200,OK,Thread Group 1-99,text,true,,265,161,59,59,http://localhost:3001/character/83,34,0,0
1736279139811,27,delete_character,200,OK,Thread Group 1-8,text,true,,249,183,59,59,http://localhost:3001/character/55,27,0,0
1736279139819,20,delete_character,200,OK,Thread Group 1-64,text,true,,249,183,59,59,http://localhost:3001/character/41,20,0,0
1736279139800,43,put_character,200,OK,Thread Group 1-18,text,true,,265,221,57,57,http://localhost:3001/character/84,43,0,0
1736279139817,28,delete_character,200,OK,Thread Group 1-29,text,true,,249,183,55,55,http://localhost:3001/character/98,28,0,0
1736279139823,24,delete_character,200,OK,Thread Group 1-77,text,true,,249,182,55,55,http://localhost:3001/character/6,24,0,0
1736279139818,30,get_character/id,200,OK,Thread Group 1-98,text,true,,265,161,55,55,http://localhost:3001/character/55,30,0,0
1736279139822,27,put_character,200,OK,Thread Group 1-40,text,true,,265,220,54,54,http://localhost:3001/character/4,27,0,0
1736279139824,26,post_character,200,OK,Thread Group 1-100,text,true,,265,221,54,54,http://localhost:3001/character,26,0,0
1736279139828,23,delete_character,200,OK,Thread Group 1-78,text,true,,249,183,54,54,http://localhost:3001/character/84,23,0,0
1736279139192,660,post_character,200,OK,Thread Group 1-61,text,true,,265,221,54,54,http://localhost:3001/character,660,0,0
1736279139826,27,get_character/id,200,OK,Thread Group 1-97,text,true,,265,161,53,53,http://localhost:3001/character/83,27,0,0
1736279139838,17,put_character,200,OK,Thread Group 1-76,text,true,,265,221,52,52,http://localhost:3001/character/70,17,0,0
1736279139842,15,post_character,200,OK,Thread Group 1-99,text,true,,265,221,52,52,http://localhost:3001/character,15,0,0
1736279139843,16,delete_character,200,OK,Thread Group 1-18,text,true,,249,183,52,52,http://localhost:3001/character/73,16,0,0
1736279139832,28,post_character,200,OK,Thread Group 1-75,text,true,,265,221,52,52,http://localhost:3001/character,28,0,0
1736279139833,30,delete_character,200,OK,Thread Group 1-72,text,true,,249,183,52,52,http://localhost:3001/character/33,30,0,0
1736279139849,16,delete_character,200,OK,Thread Group 1-40,text,true,,249,183,50,50,http://localhost:3001/character/19,16,0,0
1736279139191,675,post_character,200,OK,Thread Group 1-63,text,true,,265,221,50,50,http://localhost:3001/character,675,0,0
1736279139848,20,post_character,200,OK,Thread Group 1-98,text,true,,265,221,50,50,http://localhost:3001/character,19,0,0
1736279139850,20,put_character,200,OK,Thread Group 1-100,text,true,,265,221,50,50,http://localhost:3001/character/22,20,0,0
1736279139852,21,put_character,200,OK,Thread Group 1-61,text,true,,265,221,49,49,http://localhost:3001/character/71,21,0,0
1736279139853,23,post_character,200,OK,Thread Group 1-97,text,true,,264,220,49,49,http://localhost:3001/character,23,0,0
1736279139855,22,delete_character,200,OK,Thread Group 1-76,text,true,,249,183,49,49,http://localhost:3001/character/58,22,0,0
1736279139857,22,put_character,200,OK,Thread Group 1-99,text,true,,265,221,48,48,http://localhost:3001/character/30,22,0,0
1736279139860,21,put_character,200,OK,Thread Group 1-75,text,true,,265,221,48,48,http://localhost:3001/character/54,21,0,0
1736279139873,10,delete_character,200,OK,Thread Group 1-61,text,true,,249,183,48,48,http://localhost:3001/character/35,10,0,0
1736279139188,696,post_character,200,OK,Thread Group 1-39,text,true,,265,221,48,48,http://localhost:3001/character,696,0,0
1736279139870,16,delete_character,200,OK,Thread Group 1-100,text,true,,249,183,48,48,http://localhost:3001/character/45,16,0,0
1736279139876,12,put_character,200,OK,Thread Group 1-97,text,true,,265,221,48,48,http://localhost:3001/character/81,12,0,0
1736279139866,24,put_character,200,OK,Thread Group 1-63,text,true,,265,220,47,47,http://localhost:3001/character/2,24,0,0
1736279139868,23,put_character,200,OK,Thread Group 1-98,text,true,,265,221,47,47,http://localhost:3001/character/60,23,0,0
1736279139879,14,delete_character,200,OK,Thread Group 1-99,text,true,,249,183,47,47,http://localhost:3001/character/50,14,0,0
1736279139888,8,delete_character,200,OK,Thread Group 1-97,text,true,,249,183,46,46,http://localhost:3001/character/32,8,0,0
1736279139883,16,delete_character,200,OK,Thread Group 1-75,text,true,,249,183,45,45,http://localhost:3001/character/91,16,0,0
1736279139185,717,post_character,200,OK,Thread Group 1-36,text,true,,265,221,44,44,http://localhost:3001/character,717,0,0
1736279139890,14,delete_character,200,OK,Thread Group 1-63,text,true,,249,183,44,44,http://localhost:3001/character/28,14,0,0
1736279139885,21,put_character,200,OK,Thread Group 1-39,text,true,,265,220,44,44,http://localhost:3001/character/4,19,0,0
1736279139893,13,delete_character,200,OK,Thread Group 1-98,text,true,,249,183,44,44,http://localhost:3001/character/76,13,0,0
1736279139185,731,post_character,200,OK,Thread Group 1-59,text,true,,265,221,41,41,http://localhost:3001/character,731,0,0
1736279139902,15,put_character,200,OK,Thread Group 1-36,text,true,,265,221,41,41,http://localhost:3001/character/38,15,0,0
1736279139906,14,delete_character,200,OK,Thread Group 1-39,text,true,,249,183,41,41,http://localhost:3001/character/89,14,0,0
1736279139181,739,post_character,200,OK,Thread Group 1-57,text,true,,265,221,40,40,http://localhost:3001/character,739,0,0
1736279139916,7,put_character,200,OK,Thread Group 1-59,text,true,,265,221,40,40,http://localhost:3001/character/12,7,0,0
1736279139917,10,delete_character,200,OK,Thread Group 1-36,text,true,,249,183,40,40,http://localhost:3001/character/47,10,0,0
1736279139180,747,post_character,200,OK,Thread Group 1-10,text,true,,265,221,39,39,http://localhost:3001/character,747,0,0
1736279139921,9,put_character,200,OK,Thread Group 1-57,text,true,,265,221,39,39,http://localhost:3001/character/89,9,0,0
1736279139179,754,post_character,200,OK,Thread Group 1-56,text,true,,265,221,39,39,http://localhost:3001/character,754,0,0
1736279139923,12,delete_character,200,OK,Thread Group 1-59,text,true,,249,183,39,39,http://localhost:3001/character/85,12,0,0
1736279139932,7,put_character,200,OK,Thread Group 1-10,text,true,,265,221,38,38,http://localhost:3001/character/84,7,0,0
1736279139930,11,delete_character,200,OK,Thread Group 1-57,text,true,,249,183,38,38,http://localhost:3001/character/78,11,0,0
1736279139178,764,post_character,200,OK,Thread Group 1-60,text,true,,264,220,38,38,http://localhost:3001/character,764,0,0
1736279139942,8,put_character,200,OK,Thread Group 1-60,text,true,,265,221,38,38,http://localhost:3001/character/20,8,0,0
1736279139939,13,delete_character,200,OK,Thread Group 1-10,text,true,,249,183,38,38,http://localhost:3001/character/25,13,0,0
1736279139175,782,post_character,200,OK,Thread Group 1-62,text,true,,265,221,37,37,http://localhost:3001/character,782,0,0
1736279139173,785,post_character,200,OK,Thread Group 1-12,text,true,,265,221,37,37,http://localhost:3001/character,785,0,0
1736279139933,27,put_character,200,OK,Thread Group 1-56,text,true,,265,221,37,37,http://localhost:3001/character/79,27,0,0
1736279139952,10,delete_character,200,OK,Thread Group 1-60,text,true,,249,183,37,37,http://localhost:3001/character/55,10,0,0
1736279139957,9,put_character,200,OK,Thread Group 1-62,text,true,,265,221,35,35,http://localhost:3001/character/91,7,0,0
1736279139168,801,post_character,200,OK,Thread Group 1-44,text,true,,265,221,35,35,http://localhost:3001/character,801,0,0
1736279139960,12,delete_character,200,OK,Thread Group 1-56,text,true,,249,183,35,35,http://localhost:3001/character/99,12,0,0
1736279139958,15,put_character,200,OK,Thread Group 1-12,text,true,,265,220,35,35,http://localhost:3001/character/7,15,0,0
1736279139164,809,post_character,200,OK,Thread Group 1-7,text,true,,265,221,35,35,http://localhost:3001/character,809,0,0
1736279139966,12,delete_character,200,OK,Thread Group 1-62,text,true,,249,183,34,34,http://localhost:3001/character/10,12,0,0
1736279139971,9,put_character,200,OK,Thread Group 1-44,text,true,,265,221,34,34,http://localhost:3001/character/88,9,0,0
1736279139162,821,post_character,200,OK,Thread Group 1-5,text,true,,265,221,33,33,http://localhost:3001/character,821,0,0
1736279139973,14,delete_character,200,OK,Thread Group 1-12,text,true,,249,183,33,33,http://localhost:3001/character/62,14,0,0
1736279139983,6,put_character,200,OK,Thread Group 1-5,text,true,,265,220,32,32,http://localhost:3001/character/7,6,0,0
1736279139974,17,put_character,200,OK,Thread Group 1-7,text,true,,265,221,32,32,http://localhost:3001/character/34,17,0,0
1736279139157,835,post_character,200,OK,Thread Group 1-48,text,true,,265,221,32,32,http://localhost:3001/character,835,0,0
1736279139980,13,delete_character,200,OK,Thread Group 1-44,text,true,,249,183,32,32,http://localhost:3001/character/69,13,0,0
1736279139991,6,delete_character,200,OK,Thread Group 1-7,text,true,,249,182,31,31,http://localhost:3001/character/7,6,0,0
1736279139154,846,post_character,200,OK,Thread Group 1-53,text,true,,264,220,30,30,http://localhost:3001/character,846,0,0
1736279139155,846,post_character,200,OK,Thread Group 1-54,text,true,,265,221,30,30,http://localhost:3001/character,846,0,0
1736279139992,12,put_character,200,OK,Thread Group 1-48,text,true,,265,221,30,30,http://localhost:3001/character/89,11,0,0
1736279139989,16,delete_character,200,OK,Thread Group 1-5,text,true,,249,183,30,30,http://localhost:3001/character/12,16,0,0
1736279139152,855,post_character,200,OK,Thread Group 1-16,text,true,,265,221,29,29,http://localhost:3001/character,855,0,0
1736279140002,8,put_character,200,OK,Thread Group 1-54,text,true,,265,221,29,29,http://localhost:3001/character/54,8,0,0
1736279140000,11,put_character,200,OK,Thread Group 1-53,text,true,,265,221,29,29,http://localhost:3001/character/86,11,0,0
1736279139149,866,post_character,200,OK,Thread Group 1-20,text,true,,265,221,29,29,http://localhost:3001/character,865,0,0
1736279140004,12,delete_character,200,OK,Thread Group 1-48,text,true,,249,183,29,29,http://localhost:3001/character/37,12,0,0
1736279139100,918,post_character,200,OK,Thread Group 1-51,text,true,,264,220,28,28,http://localhost:3001/character,918,0,0
1736279140007,12,put_character,200,OK,Thread Group 1-16,text,true,,265,221,28,28,http://localhost:3001/character/48,12,0,0
1736279139139,880,post_character,200,OK,Thread Group 1-3,text,true,,264,220,28,28,http://localhost:3001/character,880,0,0
1736279140015,7,put_character,200,OK,Thread Group 1-20,text,true,,265,220,28,28,http://localhost:3001/character/6,7,0,0
1736279139129,894,post_character,200,OK,Thread Group 1-34,text,true,,265,221,28,28,http://localhost:3001/character,894,0,0
1736279140010,15,delete_character,200,OK,Thread Group 1-54,text,true,,249,183,28,28,http://localhost:3001/character/55,15,0,0
1736279140014,12,delete_character,200,OK,Thread Group 1-53,text,true,,249,183,27,27,http://localhost:3001/character/38,12,0,0
1736279140018,11,put_character,200,OK,Thread Group 1-51,text,true,,265,221,26,26,http://localhost:3001/character/93,11,0,0
1736279140020,11,delete_character,200,OK,Thread Group 1-16,text,true,,249,183,26,26,http://localhost:3001/character/29,11,0,0
1736279139120,913,post_character,200,OK,Thread Group 1-43,text,true,,265,221,25,25,http://localhost:3001/character,913,0,0
1736279140032,2,put_character,200,OK,Thread Group 1-34,text,true,,265,220,25,25,http://localhost:3001/character/3,2,0,0
1736279140021,14,put_character,200,OK,Thread Group 1-3,text,true,,265,220,25,25,http://localhost:3001/character/8,14,0,0
1736279140030,2,delete_character,200,OK,Thread Group 1-20,text,true,,249,183,25,25,http://localhost:3001/character/13,2,0,0
1736279140035,3,delete_character,200,OK,Thread Group 1-3,text,true,,249,183,24,24,http://localhost:3001/character/44,3,0,0
1736279139113,927,post_character,200,OK,Thread Group 1-52,text,true,,265,221,24,24,http://localhost:3001/character,926,0,0
1736279140033,8,put_character,200,OK,Thread Group 1-43,text,true,,265,221,24,24,http://localhost:3001/character/56,8,0,0
1736279140029,14,delete_character,200,OK,Thread Group 1-51,text,true,,249,182,24,24,http://localhost:3001/character/7,14,0,0
1736279139112,938,post_character,200,OK,Thread Group 1-24,text,true,,265,221,22,22,http://localhost:3001/character,938,0,0
1736279140040,12,put_character,200,OK,Thread Group 1-52,text,true,,265,221,22,22,http://localhost:3001/character/44,12,0,0
1736279140034,18,delete_character,200,OK,Thread Group 1-34,text,true,,249,183,22,22,http://localhost:3001/character/94,18,0,0
1736279140041,13,delete_character,200,OK,Thread Group 1-43,text,true,,249,183,21,21,http://localhost:3001/character/83,13,0,0
1736279139109,949,post_character,200,OK,Thread Group 1-2,text,true,,265,221,20,20,http://localhost:3001/character,949,0,0
1736279139461,601,delete_character,200,OK,Thread Group 1-58,text,true,,249,182,20,20,http://localhost:3001/character/5,601,0,0
1736279140052,11,delete_character,200,OK,Thread Group 1-52,text,true,,249,183,20,20,http://localhost:3001/character/31,11,0,0
1736279139459,604,delete_character,200,OK,Thread Group 1-4,text,true,,249,183,20,20,http://localhost:3001/character/63,604,0,0
1736279140059,7,put_character,200,OK,Thread Group 1-2,text,true,,265,221,18,18,http://localhost:3001/character/70,7,0,0
1736279139454,613,delete_character,200,OK,Thread Group 1-19,text,true,,249,183,18,18,http://localhost:3001/character/67,613,0,0
1736279139455,615,delete_character,200,OK,Thread Group 1-21,text,true,,249,183,18,18,http://localhost:3001/character/51,615,0,0
1736279140050,22,put_character,200,OK,Thread Group 1-24,text,true,,265,221,17,17,http://localhost:3001/character/50,22,0,0
1736279139437,639,delete_character,200,OK,Thread Group 1-87,text,true,,249,183,15,15,http://localhost:3001/character/71,639,0,0
1736279139430,647,delete_character,200,OK,Thread Group 1-50,text,true,,249,183,15,15,http://localhost:3001/character/24,647,0,0
1736279140066,13,delete_character,200,OK,Thread Group 1-2,text,true,,249,183,15,15,http://localhost:3001/character/62,13,0,0
1736279140072,8,delete_character,200,OK,Thread Group 1-24,text,true,,249,184,15,15,http://localhost:3001/character/100,8,0,0
1736279139417,666,delete_character,200,OK,Thread Group 1-67,text,true,,249,183,11,11,http://localhost:3001/character/25,666,0,0
1736279139415,670,delete_character,200,OK,Thread Group 1-49,text,true,,249,183,10,10,http://localhost:3001/character/46,670,0,0
1736279139414,676,delete_character,200,OK,Thread Group 1-22,text,true,,249,183,9,9,http://localhost:3001/character/21,676,0,0
1736279139413,680,delete_character,200,OK,Thread Group 1-42,text,true,,249,183,8,8,http://localhost:3001/character/84,680,0,0
1736279139410,685,delete_character,200,OK,Thread Group 1-84,text,true,,249,183,7,7,http://localhost:3001/character/75,685,0,0
1736279139407,692,delete_character,200,OK,Thread Group 1-86,text,true,,249,183,6,6,http://localhost:3001/character/78,692,0,0
1736279139393,709,delete_character,200,OK,Thread Group 1-46,text,true,,249,183,6,6,http://localhost:3001/character/44,709,0,0
1736279139383,722,delete_character,200,OK,Thread Group 1-27,text,true,,249,183,5,5,http://localhost:3001/character/16,722,0,0
1736279139383,727,delete_character,200,OK,Thread Group 1-55,text,true,,249,183,3,3,http://localhost:3001/character/19,727,0,0
1736279139382,729,delete_character,200,OK,Thread Group 1-70,text,true,,249,183,3,3,http://localhost:3001/character/43,729,0,0
1736279139382,733,delete_character,200,OK,Thread Group 1-25,text,true,,249,183,1,1,http://localhost:3001/character/34,733,0,0
